{"schemaVersion":"1.0","appDefinitionTemplate":{"id":"/providers/Microsoft.PowerApps/apps/","type":"Microsoft.PowerApps/apps","tags":{"primaryDeviceWidth":"800","primaryDeviceHeight":"500","supportsPortrait":"true","supportsLandscape":"true","primaryFormFactor":"Web","publisherVersion":"3.23043.13","minimumRequiredApiVersion":"2.2.0","hasComponent":"false","hasUnlockedComponent":"false","isUnifiedRootApp":"false","sienaVersion":"20230425T175222Z-3.23043.13.0"},"properties":{"appVersion":"2023-04-25T17:52:22Z","lifeCycleId":"Published","createdByClientVersion":{"major":3,"minor":23043,"build":13,"revision":0,"majorRevision":0,"minorRevision":0},"minClientVersion":{"major":3,"minor":23043,"build":13,"revision":0,"majorRevision":0,"minorRevision":0},"backgroundColor":"rgba(255, 191, 0, 1)","backgroundImageUri":"/10694603642411866992/N920cb7e0-7108-4dda-a683-a0cee19ed9f5-logoSmallFile","displayName":"df25d6d8-cd99-4732-81ba-3da2ef02b224 forms","description":"Submission platform for Solutions Fund applications.","commitMessage":"","appUris":{"documentUri":{"value":"/10694603642411866992/N414a09f1-2e56-4a53-84f1-016138d6f697-document.msapp"},"imageUris":[],"additionalUris":[]},"createdTime":"0001-01-01T00:00:00Z","lastModifiedTime":"0001-01-01T00:00:00Z","sharedGroupsCount":0,"sharedUsersCount":0,"connectionReferences":{"274fbcb9-b783-4276-8fcc-f2aa600f06d6":{"id":"44f18d5c-4da6-4aab-b2d7-6d1e3bfb0302","displayName":"SharePoint","iconUri":"https://connectoricons-prod.azureedge.net/releases/v1.0.1627/1.0.1627.3238/sharepointonline/icon.png","dataSources":["Proposal Submissions"],"dependencies":[],"dependents":[],"parameterHints":{},"parameterHintsV2":{},"isOnPremiseConnection":false,"bypassConsent":true,"dataSets":{"https://022gc.sharepoint.com/sites/ManagementandOversight-InvestmentPlanningHCSolutionsFund-SCF":{"dataSources":{"Proposal Submissions":{"tableName":"df25d6d8-cd99-4732-81ba-3da2ef02b224"}}}},"apiTier":"Standard","isCustomApiConnection":false,"actions":["providers/PowerPlatform.Governance/Operations/Read","providers/PowerPlatform.Governance/Operations/Write"]}},"databaseReferences":{},"embeddedApp":{"siteId":"https://022gc.sharepoint.com/sites/ManagementandOversight-InvestmentPlanningHCSolutionsFund-SCF","listId":"df25d6d8-cd99-4732-81ba-3da2ef02b224","listUrl":"https://022gc.sharepoint.com/sites/ManagementandOversight-InvestmentPlanningHCSolutionsFund-SCF/Lists/Proposal Submissions/AllItems.aspx","type":"SharepointFormApp","screenWidth":800,"screenHeight":500},"almMode":"Environment","performanceOptimizationEnabled":true,"canConsumeAppPass":true,"enableModernRuntimeMode":false,"executionRestrictions":{"isTeamsOnly":false,"dataLossPreventionEvaluationResult":{"status":"Compliant","lastEvaluationDate":"2023-03-28T13:28:23.3550944Z","violations":[],"violationsByPolicy":[],"violationErrorMessage":"The app uses the following connectors: shared_sharepointonline."}}},"appType":"ClassicCanvasApp","appComponents":[]}}